{"mel_mean": -6.3370361328125, "mel_std": 1.9160842895507812}