{"mel_mean": -5.45385217666626, "mel_std": 2.1278066635131836}